レディース,,
メンズ,,
ベビー・キッズ,,
インテリア・住まい・小物,,
本・音楽・ゲーム,,
おもちゃ・ホビー・グッズ,,
コスメ・香水・美容,,
家電・スマホ・カメラ,,
スポーツ・レジャー,,
ハンドメイド,,
チケット,,
自動車・オートバイ,,
その他,,
トップス,,1
ジャケット/アウター,,1
パンツ,,1
スカート,,1
ワンピース,,1
靴,,1
ルームウェア/パジャマ,,1
レッグウェア,,1
帽子,,1
バッグ,,1
アクセサリー,,1
ヘアアクセサリー,,1
小物,,1
時計,,1
ウィッグ/エクステ,,1
浴衣/水着,,1
スーツ/フォーマル/ドレス,,1
マタニティ,,1
その他,,1
トップス,,2
ジャケット/アウター,,2
パンツ,,2
靴,,2
バッグ,,2
スーツ,,2
帽子,,2
アクセサリー,,2
小物,,2
時計,,2
水着,,2
レッグウェア,,2
アンダーウェア,,2
その他,,2
ベビー服（女の子用）〜95cm,,3
ベビー服（男の子用）〜95cm,,3
ベビー服（男女兼用）〜95cm,,3
キッズ服（女の子用）100cm〜,,3
キッズ服（男の子用）100cm〜,,3
キッズ服（男女兼用）100cm〜,,3
キッズ靴,,3
子ども用ファッション小物,,3
おむつ/トイレ/バス,,3
外出/移動用品,,3
授乳/食事,,3
ベビー家具/寝具/室内用品,,3
おもちゃ,,3
行事/記念品,,3
その他,,3
Tシャツ/カットソー(半袖/袖なし),1,14
Tシャツ/カットソー(七分/長袖),1,14
シャツ/ブラウス(半袖/袖なし),1,14
シャツ/ブラウス(七分/長袖),1,14
ポロシャツ,1,14
キャミソール,1,14
タンクトップ,1,14
ホルターネック,1,14
ニット/セーター,1,14
チュニック,1,14
カーディガン/ボレロ,1,14
アンサンブル,1,14
ベスト/ジレ,1,14
パーカー,1,14
トレーナー/スウェット,1,14
ベアトップ/チューブトップ,1,14
ジャージ,1,14
その他,1,14
テーラードジャケット,1,15
ノーカラージャケット,1,15
Gジャン/デニムジャケット,1,15
レザージャケット,1,15
ダウンジャケット,1,15
ライダースジャケット,1,15
ミリタリージャケット,1,15
ダウンベスト,1,15
ジャンパー/ブルゾン,1,15
ポンチョ,1,15
ロングコート,1,15
トレンチコート,1,15
ダッフルコート,1,15
ピーコート,1,15
チェスターコート,1,15
モッズコート,1,15
スタジャン,1,15
毛皮/ファーコート,1,15
スプリングコート,1,15
スカジャン,1,15
その他,1,15
デニム/ジーンズ,1,16
ショートパンツ,1,16
カジュアルパンツ,1,16
ハーフパンツ,1,16
チノパン,1,16
ワークパンツ/カーゴパンツ,1,16
クロップドパンツ,1,16
サロペット/オーバーオール,1,16
オールインワン,1,16
サルエルパンツ,1,16
ガウチョパンツ,1,16
その他,1,16
ミニスカート,1,17
ひざ丈スカート,1,17
ロングスカート,1,17
キュロット,1,17
その他,1,17
ミニワンピース,1,18
ひざ丈ワンピース,1,18
ロングワンピース,1,18
その他,1,18
ハイヒール/パンプス,3,19
ブーツ,3,19
サンダル,3,19
スニーカー,3,19
ミュール,3,19
モカシン,3,19
ローファー/革靴,3,19
フラットシューズ/バレエシューズ,3,19
長靴/レインシューズ,3,19
その他,3,19
パジャマ,1,20
ルームウェア,1,20
ソックス,1,21
スパッツ/レギンス,1,21
ストッキング/タイツ,1,21
レッグウォーマー,1,21
その他,1,21
ニットキャップ/ビーニー,,22
ハット,,22
ハンチング/ベレー帽,,22
キャップ,,22
キャスケット,,22
麦わら帽子,,22
その他,,22
ハンドバッグ,,23
トートバッグ,,23
エコバッグ,,23
リュック/バックパック,,23
ボストンバッグ,,23
スポーツバッグ,,23
ショルダーバッグ,,23
クラッチバッグ,,23
ポーチ/バニティ,,23
ボディバッグ/ウェストバッグ,,23
マザーズバッグ,,23
メッセンジャーバッグ,,23
ビジネスバッグ,,23
旅行用バッグ/キャリーバッグ,,23
ショップ袋,,23
和装用バッグ,,23
かごバッグ,,23
その他,,23
ネックレス,,24
ブレスレット,,24
バングル/リストバンド,,24
リング,,24
ピアス(片耳用),,24
ピアス(両耳用),,24
イヤリング,,24
アンクレット,,24
ブローチ/コサージュ,,24
チャーム,,24
その他,,24
ヘアゴム/シュシュ,,25
ヘアバンド/カチューシャ,,25
ヘアピン,,25
その他,,25
長財布,,26
折り財布,,26
コインケース/小銭入れ,,26
名刺入れ/定期入れ,,26
キーケース,,26
キーホルダー,,26
手袋/アームカバー,,26
ハンカチ,,26
ベルト,,26
マフラー/ショール,,26
ストール/スヌード,,26
バンダナ/スカーフ,,26
ネックウォーマー,,26
サスペンダー,,26
サングラス/メガネ,,26
モバイルケース/カバー,,26
手帳,,26
イヤマフラー,,26
傘,,26
レインコート/ポンチョ,,26
ミラー,,26
タバコグッズ,,26
その他,,26
腕時計(アナログ),,27
腕時計(デジタル),,27
ラバーベルト,,27
レザーベルト,,27
金属ベルト,,27
その他,,27
前髪ウィッグ,,28
ロングストレート,,28
ロングカール,,28
ショートストレート,,28
ショートカール,,28
その他,,28
浴衣,1,29
着物,1,29
振袖,1,29
長襦袢/半襦袢,1,29
水着セパレート,1,29
水着ワンピース,1,29
水着スポーツ用,1,29
その他,1,29
スカートスーツ上下,1,30
パンツスーツ上下,1,30
ドレス,1,30
パーティーバッグ,,30
シューズ,3,30
ウェディング,,30
その他,,30
トップス,1,31
アウター,1,31
インナー,1,31
ワンピース,1,31
パンツ/スパッツ,1,31
スカート,1,31
パジャマ,1,31
授乳服,1,31
その他,,31
コスプレ,1,32
下着,1,32
その他,,32